sample_id,source,true_label,true_label_name,predicted_label,predicted_label_name,prob_not_eligible,prob_borderline,prob_eligible
CS_EC_WPW_PIFU_745,pifu_edge_cases,2,ELIGIBLE,1,BORDERLINE,0.012407993897795677,0.7676550149917603,0.21993695199489594
NCS_EC_WPW_NO_287,pifu_edge_cases,0,NOT_ELIGIBLE,0,NOT_ELIGIBLE,0.8391011357307434,0.04733884707093239,0.11355998367071152
NCS_EC_BRU_NO_173,pifu_edge_cases,0,NOT_ELIGIBLE,1,BORDERLINE,0.051187049597501755,0.8006986379623413,0.14811435341835022
CS_EC_ANG_PIFU_857,pifu_edge_cases,2,ELIGIBLE,1,BORDERLINE,0.04751021787524223,0.578792929649353,0.37369680404663086
NCS_EC_HOCM_NO_555,pifu_edge_cases,0,NOT_ELIGIBLE,1,BORDERLINE,0.03377142921090126,0.5282739996910095,0.4379545748233795
CS_EC_IHD_PIFU_720,pifu_edge_cases,2,ELIGIBLE,1,BORDERLINE,0.07774091511964798,0.6509166955947876,0.2713424265384674
NCS_EC_LQT_NO_153,pifu_edge_cases,0,NOT_ELIGIBLE,1,BORDERLINE,0.12395940721035004,0.6295178532600403,0.2465227246284485
CS_EC_DCM_PIFU_582,pifu_edge_cases,2,ELIGIBLE,1,BORDERLINE,0.028932249173521996,0.5459114909172058,0.42515629529953003
NCS_EC_SARC_NO_689,pifu_edge_cases,0,NOT_ELIGIBLE,2,ELIGIBLE,0.045765217393636703,0.46221232414245605,0.49202245473861694
CS_EC_HTN_DISC_577,pifu_edge_cases,0,NOT_ELIGIBLE,1,BORDERLINE,0.0691457986831665,0.479966938495636,0.4508872330188751
NCS_EC_AMYL_NO_265,pifu_edge_cases,0,NOT_ELIGIBLE,1,BORDERLINE,0.09719516336917877,0.4935978055000305,0.40920698642730713
CS_EC_HCM_PIFU_849,pifu_edge_cases,2,ELIGIBLE,1,BORDERLINE,0.005832619499415159,0.5588974952697754,0.435269832611084
HN_AF_NEWDX_532,pifu_hard_negatives,0,NOT_ELIGIBLE,1,BORDERLINE,0.0012164233485236764,0.5919457077980042,0.40683794021606445
HN_AF_AMIO_559,pifu_hard_negatives,0,NOT_ELIGIBLE,2,ELIGIBLE,0.013365269638597965,0.049657996743917465,0.9369767904281616
HN_PAL_SVT_204,pifu_hard_negatives,0,NOT_ELIGIBLE,1,BORDERLINE,0.0020174735691398382,0.9222773909568787,0.0757051333785057
HN_PAL_ILR_487,pifu_hard_negatives,0,NOT_ELIGIBLE,1,BORDERLINE,0.00017071874754037708,0.893156886100769,0.10667237639427185
HN_VD_MODAS_PROG_333,pifu_hard_negatives,0,NOT_ELIGIBLE,2,ELIGIBLE,0.2831884026527405,0.24991288781166077,0.46689873933792114
HN_VD_MR_LVD_463,pifu_hard_negatives,0,NOT_ELIGIBLE,2,ELIGIBLE,2.583523018984124e-05,0.0012448111083358526,0.9987292885780334
HN_VD_WARF_488,pifu_hard_negatives,0,NOT_ELIGIBLE,1,BORDERLINE,0.023566577583551407,0.6077900528907776,0.36864331364631653
HN_HF_ARNI_EGF_374,pifu_hard_negatives,0,NOT_ELIGIBLE,1,BORDERLINE,0.24404169619083405,0.3779791593551636,0.3779791593551636
HN_HF_NONCOMPLIANT_242,pifu_hard_negatives,0,NOT_ELIGIBLE,2,ELIGIBLE,0.0017504225252196193,0.033028047531843185,0.9652215242385864
HN_HF_POSTADMIT_605,pifu_hard_negatives,0,NOT_ELIGIBLE,0,NOT_ELIGIBLE,0.4289969801902771,0.4030053913593292,0.16799762845039368
HN_POTS_PARTIAL_710,pifu_hard_negatives,0,NOT_ELIGIBLE,2,ELIGIBLE,0.08757181465625763,0.22362247109413147,0.6888056993484497
HN_POTS_AUTOIMM_448,pifu_hard_negatives,0,NOT_ELIGIBLE,2,ELIGIBLE,0.035871367901563644,0.4370027482509613,0.527125895023346
