timestamp, index, name, memory.used [MiB], memory.total [MiB], utilization.gpu [%]
2026/08/20 15:00:55.578, 0, NVIDIA L40S, 0 MiB, 46068 MiB, 0 %
2026/08/20 15:00:55.581, 1, NVIDIA L40S, 42639 MiB, 46068 MiB, 0 %
2026/08/20 15:00:55.583, 2, NVIDIA L40S, 42639 MiB, 46068 MiB, 0 %
2026/08/20 15:00:56.584, 0, NVIDIA L40S, 0 MiB, 46068 MiB, 0 %
2026/08/20 15:00:56.585, 1, NVIDIA L40S, 42639 MiB, 46068 MiB, 0 %
2026/08/20 15:00:56.585, 2, NVIDIA L40S, 42639 MiB, 46068 MiB, 0 %
2026/08/20 15:00:57.585, 0, NVIDIA L40S, 0 MiB, 46068 MiB, 0 %
2026/08/20 15:00:57.586, 1, NVIDIA L40S, 42639 MiB, 46068 MiB, 0 %
2026/08/20 15:00:57.586, 2, NVIDIA L40S, 42639 MiB, 46068 MiB, 0 %
2026/08/20 15:00:58.586, 0, NVIDIA L40S, 0 MiB, 46068 MiB, 0 %
2026/08/20 15:00:58.586, 1, NVIDIA L40S, 42639 MiB, 46068 MiB, 0 %
2026/08/20 15:00:58.587, 2, NVIDIA L40S, 42639 MiB, 46068 MiB, 0 %
2026/08/20 15:00:59.587, 0, NVIDIA L40S, 0 MiB, 46068 MiB, 0 %
2026/08/20 15:00:59.587, 1, NVIDIA L40S, 42639 MiB, 46068 MiB, 0 %
2026/08/20 15:00:59.587, 2, NVIDIA L40S, 42639 MiB, 46068 MiB, 0 %
2026/08/20 15:01:00.587, 0, NVIDIA L40S, 0 MiB, 46068 MiB, 0 %
2026/08/20 15:01:00.588, 1, NVIDIA L40S, 42639 MiB, 46068 MiB, 0 %
2026/08/20 15:01:00.588, 2, NVIDIA L40S, 42639 MiB, 46068 MiB, 0 %
2026/08/20 15:01:01.588, 0, NVIDIA L40S, 0 MiB, 46068 MiB, 0 %
2026/08/20 15:01:01.589, 1, NVIDIA L40S, 42639 MiB, 46068 MiB, 0 %
2026/08/20 15:01:01.589, 2, NVIDIA L40S, 42639 MiB, 46068 MiB, 0 %
2026/08/20 15:01:02.589, 0, NVIDIA L40S, 0 MiB, 46068 MiB, 0 %
2026/08/20 15:01:02.589, 1, NVIDIA L40S, 42639 MiB, 46068 MiB, 0 %
2026/08/20 15:01:02.589, 2, NVIDIA L40S, 42639 MiB, 46068 MiB, 0 %
2026/08/20 15:01:03.590, 0, NVIDIA L40S, 0 MiB, 46068 MiB, 0 %
2026/08/20 15:01:03.590, 1, NVIDIA L40S, 42639 MiB, 46068 MiB, 0 %
2026/08/20 15:01:03.590, 2, NVIDIA L40S, 42639 MiB, 46068 MiB, 0 %
2026/08/20 15:01:04.591, 0, NVIDIA L40S, 0 MiB, 46068 MiB, 0 %
2026/08/20 15:01:04.591, 1, NVIDIA L40S, 42639 MiB, 46068 MiB, 0 %
2026/08/20 15:01:04.591, 2, NVIDIA L40S, 42639 MiB, 46068 MiB, 0 %
2026/08/20 15:01:05.591, 0, NVIDIA L40S, 0 MiB, 46068 MiB, 0 %
2026/08/20 15:01:05.592, 1, NVIDIA L40S, 42639 MiB, 46068 MiB, 0 %
2026/08/20 15:01:05.592, 2, NVIDIA L40S, 42639 MiB, 46068 MiB, 0 %
2026/08/20 15:01:06.592, 0, NVIDIA L40S, 0 MiB, 46068 MiB, 0 %
2026/08/20 15:01:06.593, 1, NVIDIA L40S, 42639 MiB, 46068 MiB, 0 %
2026/08/20 15:01:06.593, 2, NVIDIA L40S, 42639 MiB, 46068 MiB, 0 %
2026/08/20 15:01:07.593, 0, NVIDIA L40S, 0 MiB, 46068 MiB, 0 %
2026/08/20 15:01:07.593, 1, NVIDIA L40S, 42639 MiB, 46068 MiB, 0 %
2026/08/20 15:01:07.593, 2, NVIDIA L40S, 42639 MiB, 46068 MiB, 0 %
2026/08/20 15:01:08.593, 0, NVIDIA L40S, 0 MiB, 46068 MiB, 0 %
2026/08/20 15:01:08.594, 1, NVIDIA L40S, 42639 MiB, 46068 MiB, 0 %
2026/08/20 15:01:08.594, 2, NVIDIA L40S, 42639 MiB, 46068 MiB, 0 %
2026/08/20 15:01:09.594, 0, NVIDIA L40S, 0 MiB, 46068 MiB, 0 %
2026/08/20 15:01:09.595, 1, NVIDIA L40S, 42639 MiB, 46068 MiB, 0 %
2026/08/20 15:01:09.595, 2, NVIDIA L40S, 42639 MiB, 46068 MiB, 0 %
2026/08/20 15:01:10.595, 0, NVIDIA L40S, 0 MiB, 46068 MiB, 0 %
2026/08/20 15:01:10.596, 1, NVIDIA L40S, 42639 MiB, 46068 MiB, 0 %
2026/08/20 15:01:10.596, 2, NVIDIA L40S, 42639 MiB, 46068 MiB, 0 %
2026/08/20 15:01:11.596, 0, NVIDIA L40S, 0 MiB, 46068 MiB, 0 %
2026/08/20 15:01:11.597, 1, NVIDIA L40S, 42639 MiB, 46068 MiB, 0 %
2026/08/20 15:01:11.597, 2, NVIDIA L40S, 42639 MiB, 46068 MiB, 0 %
2026/08/20 15:01:12.597, 0, NVIDIA L40S, 0 MiB, 46068 MiB, 0 %
2026/08/20 15:01:12.597, 1, NVIDIA L40S, 42639 MiB, 46068 MiB, 0 %
2026/08/20 15:01:12.598, 2, NVIDIA L40S, 42639 MiB, 46068 MiB, 0 %
2026/08/20 15:01:13.598, 0, NVIDIA L40S, 0 MiB, 46068 MiB, 0 %
2026/08/20 15:01:13.598, 1, NVIDIA L40S, 42639 MiB, 46068 MiB, 0 %
2026/08/20 15:01:13.598, 2, NVIDIA L40S, 42639 MiB, 46068 MiB, 0 %
2026/08/20 15:01:14.599, 0, NVIDIA L40S, 3 MiB, 46068 MiB, 0 %
2026/08/20 15:01:14.599, 1, NVIDIA L40S, 42639 MiB, 46068 MiB, 0 %
2026/08/20 15:01:14.599, 2, NVIDIA L40S, 42639 MiB, 46068 MiB, 0 %
2026/08/20 15:01:15.600, 0, NVIDIA L40S, 3 MiB, 46068 MiB, 0 %
2026/08/20 15:01:15.600, 1, NVIDIA L40S, 42639 MiB, 46068 MiB, 0 %
2026/08/20 15:01:15.600, 2, NVIDIA L40S, 42639 MiB, 46068 MiB, 0 %
2026/08/20 15:01:16.600, 0, NVIDIA L40S, 3 MiB, 46068 MiB, 0 %
2026/08/20 15:01:16.601, 1, NVIDIA L40S, 42639 MiB, 46068 MiB, 0 %
2026/08/20 15:01:16.601, 2, NVIDIA L40S, 42639 MiB, 46068 MiB, 0 %
2026/08/20 15:01:17.601, 0, NVIDIA L40S, 3 MiB, 46068 MiB, 0 %
2026/08/20 15:01:17.602, 1, NVIDIA L40S, 42639 MiB, 46068 MiB, 0 %
2026/08/20 15:01:17.602, 2, NVIDIA L40S, 42639 MiB, 46068 MiB, 0 %
2026/08/20 15:01:18.602, 0, NVIDIA L40S, 3 MiB, 46068 MiB, 0 %
2026/08/20 15:01:18.603, 1, NVIDIA L40S, 42639 MiB, 46068 MiB, 0 %
2026/08/20 15:01:18.603, 2, NVIDIA L40S, 42639 MiB, 46068 MiB, 0 %
2026/08/20 15:01:19.603, 0, NVIDIA L40S, 3 MiB, 46068 MiB, 0 %
2026/08/20 15:01:19.603, 1, NVIDIA L40S, 42639 MiB, 46068 MiB, 0 %
2026/08/20 15:01:19.604, 2, NVIDIA L40S, 42639 MiB, 46068 MiB, 0 %
2026/08/20 15:01:20.604, 0, NVIDIA L40S, 20 MiB, 46068 MiB, 0 %
2026/08/20 15:01:20.664, 1, NVIDIA L40S, 42639 MiB, 46068 MiB, 0 %
2026/08/20 15:01:20.664, 2, NVIDIA L40S, 42639 MiB, 46068 MiB, 0 %
2026/08/20 15:01:21.664, 0, NVIDIA L40S, 17515 MiB, 46068 MiB, 16 %
2026/08/20 15:01:21.664, 1, NVIDIA L40S, 42639 MiB, 46068 MiB, 0 %
2026/08/20 15:01:21.665, 2, NVIDIA L40S, 42639 MiB, 46068 MiB, 0 %
2026/08/20 15:01:22.665, 0, NVIDIA L40S, 17519 MiB, 46068 MiB, 7 %
2026/08/20 15:01:22.665, 1, NVIDIA L40S, 42639 MiB, 46068 MiB, 0 %
2026/08/20 15:01:22.666, 2, NVIDIA L40S, 42639 MiB, 46068 MiB, 0 %
2026/08/20 15:01:23.666, 0, NVIDIA L40S, 17523 MiB, 46068 MiB, 16 %
2026/08/20 15:01:23.666, 1, NVIDIA L40S, 42639 MiB, 46068 MiB, 0 %
2026/08/20 15:01:23.666, 2, NVIDIA L40S, 42639 MiB, 46068 MiB, 0 %
2026/08/20 15:01:24.667, 0, NVIDIA L40S, 17527 MiB, 46068 MiB, 15 %
2026/08/20 15:01:24.667, 1, NVIDIA L40S, 42639 MiB, 46068 MiB, 0 %
2026/08/20 15:01:24.667, 2, NVIDIA L40S, 42639 MiB, 46068 MiB, 0 %
2026/08/20 15:01:25.667, 0, NVIDIA L40S, 17529 MiB, 46068 MiB, 14 %
2026/08/20 15:01:25.667, 1, NVIDIA L40S, 42639 MiB, 46068 MiB, 0 %
2026/08/20 15:01:25.667, 2, NVIDIA L40S, 42639 MiB, 46068 MiB, 0 %
2026/08/20 15:01:26.668, 0, NVIDIA L40S, 17599 MiB, 46068 MiB, 7 %
2026/08/20 15:01:26.668, 1, NVIDIA L40S, 42639 MiB, 46068 MiB, 0 %
2026/08/20 15:01:26.668, 2, NVIDIA L40S, 42639 MiB, 46068 MiB, 0 %
2026/08/20 15:01:27.668, 0, NVIDIA L40S, 17599 MiB, 46068 MiB, 0 %
2026/08/20 15:01:27.669, 1, NVIDIA L40S, 42639 MiB, 46068 MiB, 0 %
2026/08/20 15:01:27.669, 2, NVIDIA L40S, 42639 MiB, 46068 MiB, 0 %
2026/08/20 15:01:28.669, 0, NVIDIA L40S, 17599 MiB, 46068 MiB, 0 %
2026/08/20 15:01:28.670, 1, NVIDIA L40S, 42639 MiB, 46068 MiB, 0 %
2026/08/20 15:01:28.670, 2, NVIDIA L40S, 42639 MiB, 46068 MiB, 0 %
2026/08/20 15:01:29.670, 0, NVIDIA L40S, 18529 MiB, 46068 MiB, 1 %
2026/08/20 15:01:29.670, 1, NVIDIA L40S, 42639 MiB, 46068 MiB, 0 %
2026/08/20 15:01:29.670, 2, NVIDIA L40S, 42639 MiB, 46068 MiB, 0 %
2026/08/20 15:01:30.671, 0, NVIDIA L40S, 19987 MiB, 46068 MiB, 82 %
2026/08/20 15:01:30.671, 1, NVIDIA L40S, 42639 MiB, 46068 MiB, 0 %
2026/08/20 15:01:30.671, 2, NVIDIA L40S, 42639 MiB, 46068 MiB, 0 %
2026/08/20 15:01:31.673, 0, NVIDIA L40S, 19987 MiB, 46068 MiB, 83 %
2026/08/20 15:01:31.673, 1, NVIDIA L40S, 42639 MiB, 46068 MiB, 0 %
2026/08/20 15:01:31.673, 2, NVIDIA L40S, 42639 MiB, 46068 MiB, 0 %
2026/08/20 15:01:32.675, 0, NVIDIA L40S, 19987 MiB, 46068 MiB, 90 %
2026/08/20 15:01:32.675, 1, NVIDIA L40S, 42639 MiB, 46068 MiB, 0 %
2026/08/20 15:01:32.675, 2, NVIDIA L40S, 42639 MiB, 46068 MiB, 0 %
2026/08/20 15:01:33.675, 0, NVIDIA L40S, 19987 MiB, 46068 MiB, 94 %
2026/08/20 15:01:33.675, 1, NVIDIA L40S, 42639 MiB, 46068 MiB, 0 %
2026/08/20 15:01:33.676, 2, NVIDIA L40S, 42639 MiB, 46068 MiB, 0 %
2026/08/20 15:01:34.676, 0, NVIDIA L40S, 19987 MiB, 46068 MiB, 86 %
2026/08/20 15:01:34.676, 1, NVIDIA L40S, 42639 MiB, 46068 MiB, 0 %
2026/08/20 15:01:34.676, 2, NVIDIA L40S, 42639 MiB, 46068 MiB, 0 %
2026/08/20 15:01:35.677, 0, NVIDIA L40S, 19987 MiB, 46068 MiB, 89 %
2026/08/20 15:01:35.677, 1, NVIDIA L40S, 42639 MiB, 46068 MiB, 0 %
2026/08/20 15:01:35.677, 2, NVIDIA L40S, 42639 MiB, 46068 MiB, 0 %
2026/08/20 15:01:36.677, 0, NVIDIA L40S, 19987 MiB, 46068 MiB, 96 %
2026/08/20 15:01:36.677, 1, NVIDIA L40S, 42639 MiB, 46068 MiB, 0 %
2026/08/20 15:01:36.677, 2, NVIDIA L40S, 42639 MiB, 46068 MiB, 0 %
2026/08/20 15:01:37.678, 0, NVIDIA L40S, 19987 MiB, 46068 MiB, 96 %
2026/08/20 15:01:37.678, 1, NVIDIA L40S, 42639 MiB, 46068 MiB, 0 %
2026/08/20 15:01:37.678, 2, NVIDIA L40S, 42639 MiB, 46068 MiB, 0 %
2026/08/20 15:01:38.678, 0, NVIDIA L40S, 19987 MiB, 46068 MiB, 90 %
2026/08/20 15:01:38.679, 1, NVIDIA L40S, 42639 MiB, 46068 MiB, 0 %
2026/08/20 15:01:38.679, 2, NVIDIA L40S, 42639 MiB, 46068 MiB, 0 %
2026/08/20 15:01:39.679, 0, NVIDIA L40S, 19987 MiB, 46068 MiB, 87 %
2026/08/20 15:01:39.679, 1, NVIDIA L40S, 42639 MiB, 46068 MiB, 0 %
2026/08/20 15:01:39.679, 2, NVIDIA L40S, 42639 MiB, 46068 MiB, 0 %
2026/08/20 15:01:40.679, 0, NVIDIA L40S, 19987 MiB, 46068 MiB, 95 %
2026/08/20 15:01:40.679, 1, NVIDIA L40S, 42639 MiB, 46068 MiB, 0 %
2026/08/20 15:01:40.679, 2, NVIDIA L40S, 42639 MiB, 46068 MiB, 0 %
2026/08/20 15:01:41.680, 0, NVIDIA L40S, 19987 MiB, 46068 MiB, 83 %
2026/08/20 15:01:41.680, 1, NVIDIA L40S, 42639 MiB, 46068 MiB, 0 %
2026/08/20 15:01:41.680, 2, NVIDIA L40S, 42639 MiB, 46068 MiB, 0 %
2026/08/20 15:01:42.680, 0, NVIDIA L40S, 19987 MiB, 46068 MiB, 79 %
2026/08/20 15:01:42.680, 1, NVIDIA L40S, 42639 MiB, 46068 MiB, 0 %
2026/08/20 15:01:42.680, 2, NVIDIA L40S, 42639 MiB, 46068 MiB, 0 %
2026/08/20 15:01:43.681, 0, NVIDIA L40S, 19987 MiB, 46068 MiB, 87 %
2026/08/20 15:01:43.681, 1, NVIDIA L40S, 42639 MiB, 46068 MiB, 0 %
2026/08/20 15:01:43.681, 2, NVIDIA L40S, 42639 MiB, 46068 MiB, 0 %
2026/08/20 15:01:44.681, 0, NVIDIA L40S, 19987 MiB, 46068 MiB, 83 %
2026/08/20 15:01:44.682, 1, NVIDIA L40S, 42639 MiB, 46068 MiB, 0 %
2026/08/20 15:01:44.682, 2, NVIDIA L40S, 42639 MiB, 46068 MiB, 0 %
2026/08/20 15:01:45.682, 0, NVIDIA L40S, 19987 MiB, 46068 MiB, 81 %
2026/08/20 15:01:45.682, 1, NVIDIA L40S, 42639 MiB, 46068 MiB, 0 %
2026/08/20 15:01:45.682, 2, NVIDIA L40S, 42639 MiB, 46068 MiB, 0 %
2026/08/20 15:01:46.682, 0, NVIDIA L40S, 19987 MiB, 46068 MiB, 75 %
2026/08/20 15:01:46.683, 1, NVIDIA L40S, 42639 MiB, 46068 MiB, 0 %
2026/08/20 15:01:46.683, 2, NVIDIA L40S, 42639 MiB, 46068 MiB, 0 %
2026/08/20 15:01:47.683, 0, NVIDIA L40S, 19987 MiB, 46068 MiB, 90 %
2026/08/20 15:01:47.683, 1, NVIDIA L40S, 42639 MiB, 46068 MiB, 0 %
2026/08/20 15:01:47.683, 2, NVIDIA L40S, 42639 MiB, 46068 MiB, 0 %
2026/08/20 15:01:48.683, 0, NVIDIA L40S, 19987 MiB, 46068 MiB, 91 %
2026/08/20 15:01:48.684, 1, NVIDIA L40S, 42639 MiB, 46068 MiB, 0 %
2026/08/20 15:01:48.684, 2, NVIDIA L40S, 42639 MiB, 46068 MiB, 0 %
2026/08/20 15:01:49.684, 0, NVIDIA L40S, 19987 MiB, 46068 MiB, 96 %
2026/08/20 15:01:49.684, 1, NVIDIA L40S, 42639 MiB, 46068 MiB, 0 %
2026/08/20 15:01:49.684, 2, NVIDIA L40S, 42639 MiB, 46068 MiB, 0 %
2026/08/20 15:01:50.684, 0, NVIDIA L40S, 19987 MiB, 46068 MiB, 95 %
2026/08/20 15:01:50.685, 1, NVIDIA L40S, 42639 MiB, 46068 MiB, 0 %
2026/08/20 15:01:50.685, 2, NVIDIA L40S, 42639 MiB, 46068 MiB, 0 %
2026/08/20 15:01:51.687, 0, NVIDIA L40S, 19987 MiB, 46068 MiB, 95 %
2026/08/20 15:01:51.687, 1, NVIDIA L40S, 42639 MiB, 46068 MiB, 0 %
2026/08/20 15:01:51.687, 2, NVIDIA L40S, 42639 MiB, 46068 MiB, 0 %
2026/08/20 15:01:52.687, 0, NVIDIA L40S, 19987 MiB, 46068 MiB, 97 %
2026/08/20 15:01:52.687, 1, NVIDIA L40S, 42639 MiB, 46068 MiB, 0 %
2026/08/20 15:01:52.687, 2, NVIDIA L40S, 42639 MiB, 46068 MiB, 0 %
2026/08/20 15:01:53.687, 0, NVIDIA L40S, 19987 MiB, 46068 MiB, 95 %
2026/08/20 15:01:53.688, 1, NVIDIA L40S, 42639 MiB, 46068 MiB, 0 %
2026/08/20 15:01:53.688, 2, NVIDIA L40S, 42639 MiB, 46068 MiB, 0 %
2026/08/20 15:01:54.688, 0, NVIDIA L40S, 19987 MiB, 46068 MiB, 95 %
2026/08/20 15:01:54.688, 1, NVIDIA L40S, 42639 MiB, 46068 MiB, 0 %
2026/08/20 15:01:54.688, 2, NVIDIA L40S, 42639 MiB, 46068 MiB, 0 %
2026/08/20 15:01:55.688, 0, NVIDIA L40S, 19987 MiB, 46068 MiB, 86 %
2026/08/20 15:01:55.688, 1, NVIDIA L40S, 42639 MiB, 46068 MiB, 0 %
2026/08/20 15:01:55.688, 2, NVIDIA L40S, 42639 MiB, 46068 MiB, 0 %
2026/08/20 15:01:56.689, 0, NVIDIA L40S, 19987 MiB, 46068 MiB, 88 %
2026/08/20 15:01:56.689, 1, NVIDIA L40S, 42639 MiB, 46068 MiB, 0 %
2026/08/20 15:01:56.689, 2, NVIDIA L40S, 42639 MiB, 46068 MiB, 0 %
2026/08/20 15:01:57.689, 0, NVIDIA L40S, 19987 MiB, 46068 MiB, 61 %
2026/08/20 15:01:57.689, 1, NVIDIA L40S, 42639 MiB, 46068 MiB, 0 %
2026/08/20 15:01:57.689, 2, NVIDIA L40S, 42639 MiB, 46068 MiB, 0 %
2026/08/20 15:01:58.691, 0, NVIDIA L40S, 19987 MiB, 46068 MiB, 89 %
2026/08/20 15:01:58.691, 1, NVIDIA L40S, 42639 MiB, 46068 MiB, 0 %
2026/08/20 15:01:58.691, 2, NVIDIA L40S, 42639 MiB, 46068 MiB, 0 %
2026/08/20 15:01:59.691, 0, NVIDIA L40S, 19987 MiB, 46068 MiB, 87 %
2026/08/20 15:01:59.691, 1, NVIDIA L40S, 42639 MiB, 46068 MiB, 0 %
2026/08/20 15:01:59.692, 2, NVIDIA L40S, 42639 MiB, 46068 MiB, 0 %
2026/08/20 15:02:00.696, 0, NVIDIA L40S, 19987 MiB, 46068 MiB, 87 %
2026/08/20 15:02:00.696, 1, NVIDIA L40S, 42639 MiB, 46068 MiB, 0 %
2026/08/20 15:02:00.696, 2, NVIDIA L40S, 42639 MiB, 46068 MiB, 0 %
2026/08/20 15:02:01.696, 0, NVIDIA L40S, 19987 MiB, 46068 MiB, 89 %
2026/08/20 15:02:01.696, 1, NVIDIA L40S, 42639 MiB, 46068 MiB, 0 %
2026/08/20 15:02:01.696, 2, NVIDIA L40S, 42639 MiB, 46068 MiB, 0 %
2026/08/20 15:02:02.697, 0, NVIDIA L40S, 19987 MiB, 46068 MiB, 88 %
2026/08/20 15:02:02.697, 1, NVIDIA L40S, 42639 MiB, 46068 MiB, 0 %
2026/08/20 15:02:02.697, 2, NVIDIA L40S, 42639 MiB, 46068 MiB, 0 %
2026/08/20 15:02:03.697, 0, NVIDIA L40S, 19987 MiB, 46068 MiB, 89 %
2026/08/20 15:02:03.697, 1, NVIDIA L40S, 42639 MiB, 46068 MiB, 0 %
2026/08/20 15:02:03.698, 2, NVIDIA L40S, 42639 MiB, 46068 MiB, 0 %
2026/08/20 15:02:04.698, 0, NVIDIA L40S, 19987 MiB, 46068 MiB, 88 %
2026/08/20 15:02:04.698, 1, NVIDIA L40S, 42639 MiB, 46068 MiB, 0 %
2026/08/20 15:02:04.698, 2, NVIDIA L40S, 42639 MiB, 46068 MiB, 0 %
2026/08/20 15:02:05.698, 0, NVIDIA L40S, 19987 MiB, 46068 MiB, 82 %
2026/08/20 15:02:05.698, 1, NVIDIA L40S, 42639 MiB, 46068 MiB, 0 %
2026/08/20 15:02:05.699, 2, NVIDIA L40S, 42639 MiB, 46068 MiB, 0 %
2026/08/20 15:02:06.699, 0, NVIDIA L40S, 19987 MiB, 46068 MiB, 84 %
2026/08/20 15:02:06.699, 1, NVIDIA L40S, 42639 MiB, 46068 MiB, 0 %
2026/08/20 15:02:06.699, 2, NVIDIA L40S, 42639 MiB, 46068 MiB, 0 %
2026/08/20 15:02:07.699, 0, NVIDIA L40S, 19989 MiB, 46068 MiB, 89 %
2026/08/20 15:02:07.700, 1, NVIDIA L40S, 42639 MiB, 46068 MiB, 0 %
2026/08/20 15:02:07.700, 2, NVIDIA L40S, 42639 MiB, 46068 MiB, 0 %
2026/08/20 15:02:08.700, 0, NVIDIA L40S, 19989 MiB, 46068 MiB, 89 %
2026/08/20 15:02:08.700, 1, NVIDIA L40S, 42639 MiB, 46068 MiB, 0 %
2026/08/20 15:02:08.701, 2, NVIDIA L40S, 42639 MiB, 46068 MiB, 0 %
2026/08/20 15:02:09.701, 0, NVIDIA L40S, 19989 MiB, 46068 MiB, 86 %
2026/08/20 15:02:09.701, 1, NVIDIA L40S, 42639 MiB, 46068 MiB, 0 %
2026/08/20 15:02:09.701, 2, NVIDIA L40S, 42639 MiB, 46068 MiB, 0 %
2026/08/20 15:02:10.701, 0, NVIDIA L40S, 19989 MiB, 46068 MiB, 90 %
2026/08/20 15:02:10.702, 1, NVIDIA L40S, 42639 MiB, 46068 MiB, 0 %
2026/08/20 15:02:10.702, 2, NVIDIA L40S, 42639 MiB, 46068 MiB, 0 %
2026/08/20 15:02:11.702, 0, NVIDIA L40S, 19989 MiB, 46068 MiB, 89 %
2026/08/20 15:02:11.702, 1, NVIDIA L40S, 42639 MiB, 46068 MiB, 0 %
2026/08/20 15:02:11.702, 2, NVIDIA L40S, 42639 MiB, 46068 MiB, 0 %
2026/08/20 15:02:12.703, 0, NVIDIA L40S, 19989 MiB, 46068 MiB, 85 %
2026/08/20 15:02:12.703, 1, NVIDIA L40S, 42639 MiB, 46068 MiB, 0 %
2026/08/20 15:02:12.703, 2, NVIDIA L40S, 42639 MiB, 46068 MiB, 0 %
2026/08/20 15:02:13.703, 0, NVIDIA L40S, 17617 MiB, 46068 MiB, 0 %
2026/08/20 15:02:13.704, 1, NVIDIA L40S, 42639 MiB, 46068 MiB, 0 %
2026/08/20 15:02:13.704, 2, NVIDIA L40S, 42639 MiB, 46068 MiB, 0 %
2026/08/20 15:02:14.704, 0, NVIDIA L40S, 17617 MiB, 46068 MiB, 0 %
2026/08/20 15:02:14.705, 1, NVIDIA L40S, 42639 MiB, 46068 MiB, 0 %
2026/08/20 15:02:14.705, 2, NVIDIA L40S, 42639 MiB, 46068 MiB, 0 %
2026/08/20 15:02:15.705, 0, NVIDIA L40S, 17617 MiB, 46068 MiB, 0 %
2026/08/20 15:02:15.705, 1, NVIDIA L40S, 42639 MiB, 46068 MiB, 0 %
2026/08/20 15:02:15.706, 2, NVIDIA L40S, 42639 MiB, 46068 MiB, 0 %
2026/08/20 15:02:16.706, 0, NVIDIA L40S, 17617 MiB, 46068 MiB, 0 %
2026/08/20 15:02:16.706, 1, NVIDIA L40S, 42639 MiB, 46068 MiB, 0 %
2026/08/20 15:02:16.707, 2, NVIDIA L40S, 42639 MiB, 46068 MiB, 0 %
2026/08/20 15:02:17.707, 0, NVIDIA L40S, 17617 MiB, 46068 MiB, 0 %
2026/08/20 15:02:17.707, 1, NVIDIA L40S, 42639 MiB, 46068 MiB, 0 %
2026/08/20 15:02:17.707, 2, NVIDIA L40S, 42639 MiB, 46068 MiB, 0 %
2026/08/20 15:02:18.708, 0, NVIDIA L40S, 17617 MiB, 46068 MiB, 0 %
2026/08/20 15:02:18.708, 1, NVIDIA L40S, 42639 MiB, 46068 MiB, 0 %
2026/08/20 15:02:18.708, 2, NVIDIA L40S, 42639 MiB, 46068 MiB, 0 %
2026/08/20 15:02:19.708, 0, NVIDIA L40S, 34687 MiB, 46068 MiB, 23 %
2026/08/20 15:02:19.708, 1, NVIDIA L40S, 42639 MiB, 46068 MiB, 0 %
2026/08/20 15:02:19.709, 2, NVIDIA L40S, 42639 MiB, 46068 MiB, 0 %
2026/08/20 15:02:20.709, 0, NVIDIA L40S, 34689 MiB, 46068 MiB, 10 %
2026/08/20 15:02:20.709, 1, NVIDIA L40S, 42639 MiB, 46068 MiB, 0 %
2026/08/20 15:02:20.709, 2, NVIDIA L40S, 42639 MiB, 46068 MiB, 0 %
2026/08/20 15:02:21.709, 0, NVIDIA L40S, 34693 MiB, 46068 MiB, 16 %
2026/08/20 15:02:21.710, 1, NVIDIA L40S, 42639 MiB, 46068 MiB, 0 %
2026/08/20 15:02:21.710, 2, NVIDIA L40S, 42639 MiB, 46068 MiB, 0 %
2026/08/20 15:02:22.710, 0, NVIDIA L40S, 34697 MiB, 46068 MiB, 19 %
2026/08/20 15:02:22.710, 1, NVIDIA L40S, 42639 MiB, 46068 MiB, 0 %
2026/08/20 15:02:22.710, 2, NVIDIA L40S, 42639 MiB, 46068 MiB, 0 %
2026/08/20 15:02:23.711, 0, NVIDIA L40S, 34701 MiB, 46068 MiB, 18 %
2026/08/20 15:02:23.711, 1, NVIDIA L40S, 42639 MiB, 46068 MiB, 0 %
2026/08/20 15:02:23.711, 2, NVIDIA L40S, 42639 MiB, 46068 MiB, 0 %
2026/08/20 15:02:24.711, 0, NVIDIA L40S, 34701 MiB, 46068 MiB, 0 %
2026/08/20 15:02:24.712, 1, NVIDIA L40S, 42639 MiB, 46068 MiB, 0 %
2026/08/20 15:02:24.712, 2, NVIDIA L40S, 42639 MiB, 46068 MiB, 0 %
2026/08/20 15:02:25.712, 0, NVIDIA L40S, 34701 MiB, 46068 MiB, 0 %
2026/08/20 15:02:25.712, 1, NVIDIA L40S, 42639 MiB, 46068 MiB, 0 %
2026/08/20 15:02:25.712, 2, NVIDIA L40S, 42639 MiB, 46068 MiB, 0 %
2026/08/20 15:02:26.713, 0, NVIDIA L40S, 34701 MiB, 46068 MiB, 0 %
2026/08/20 15:02:26.713, 1, NVIDIA L40S, 42639 MiB, 46068 MiB, 0 %
2026/08/20 15:02:26.713, 2, NVIDIA L40S, 42639 MiB, 46068 MiB, 0 %
2026/08/20 15:02:27.713, 0, NVIDIA L40S, 34701 MiB, 46068 MiB, 0 %
2026/08/20 15:02:27.714, 1, NVIDIA L40S, 42639 MiB, 46068 MiB, 0 %
2026/08/20 15:02:27.714, 2, NVIDIA L40S, 42639 MiB, 46068 MiB, 0 %
2026/08/20 15:02:28.714, 0, NVIDIA L40S, 36031 MiB, 46068 MiB, 3 %
2026/08/20 15:02:28.714, 1, NVIDIA L40S, 42639 MiB, 46068 MiB, 0 %
2026/08/20 15:02:28.714, 2, NVIDIA L40S, 42639 MiB, 46068 MiB, 0 %
2026/08/20 15:02:29.715, 0, NVIDIA L40S, 37487 MiB, 46068 MiB, 89 %
2026/08/20 15:02:29.715, 1, NVIDIA L40S, 42639 MiB, 46068 MiB, 0 %
2026/08/20 15:02:29.715, 2, NVIDIA L40S, 42639 MiB, 46068 MiB, 0 %
2026/08/20 15:02:30.715, 0, NVIDIA L40S, 37487 MiB, 46068 MiB, 91 %
2026/08/20 15:02:30.715, 1, NVIDIA L40S, 42639 MiB, 46068 MiB, 0 %
2026/08/20 15:02:30.715, 2, NVIDIA L40S, 42639 MiB, 46068 MiB, 0 %
2026/08/20 15:02:31.716, 0, NVIDIA L40S, 37487 MiB, 46068 MiB, 90 %
2026/08/20 15:02:31.716, 1, NVIDIA L40S, 42639 MiB, 46068 MiB, 0 %
2026/08/20 15:02:31.716, 2, NVIDIA L40S, 42639 MiB, 46068 MiB, 0 %
2026/08/20 15:02:32.716, 0, NVIDIA L40S, 37487 MiB, 46068 MiB, 92 %
2026/08/20 15:02:32.717, 1, NVIDIA L40S, 42639 MiB, 46068 MiB, 0 %
2026/08/20 15:02:32.717, 2, NVIDIA L40S, 42639 MiB, 46068 MiB, 0 %
2026/08/20 15:02:33.717, 0, NVIDIA L40S, 37487 MiB, 46068 MiB, 92 %
2026/08/20 15:02:33.717, 1, NVIDIA L40S, 42639 MiB, 46068 MiB, 0 %
2026/08/20 15:02:33.717, 2, NVIDIA L40S, 42639 MiB, 46068 MiB, 0 %
2026/08/20 15:02:34.717, 0, NVIDIA L40S, 37487 MiB, 46068 MiB, 93 %
2026/08/20 15:02:34.718, 1, NVIDIA L40S, 42639 MiB, 46068 MiB, 0 %
2026/08/20 15:02:34.718, 2, NVIDIA L40S, 42639 MiB, 46068 MiB, 0 %
2026/08/20 15:02:35.718, 0, NVIDIA L40S, 37487 MiB, 46068 MiB, 92 %
2026/08/20 15:02:35.718, 1, NVIDIA L40S, 42639 MiB, 46068 MiB, 0 %
2026/08/20 15:02:35.718, 2, NVIDIA L40S, 42639 MiB, 46068 MiB, 0 %
2026/08/20 15:02:36.718, 0, NVIDIA L40S, 37487 MiB, 46068 MiB, 93 %
2026/08/20 15:02:36.719, 1, NVIDIA L40S, 42639 MiB, 46068 MiB, 0 %
2026/08/20 15:02:36.719, 2, NVIDIA L40S, 42639 MiB, 46068 MiB, 0 %
2026/08/20 15:02:37.719, 0, NVIDIA L40S, 37487 MiB, 46068 MiB, 92 %
2026/08/20 15:02:37.720, 1, NVIDIA L40S, 42639 MiB, 46068 MiB, 0 %
2026/08/20 15:02:37.720, 2, NVIDIA L40S, 42639 MiB, 46068 MiB, 0 %
2026/08/20 15:02:38.720, 0, NVIDIA L40S, 37487 MiB, 46068 MiB, 95 %
2026/08/20 15:02:38.720, 1, NVIDIA L40S, 42639 MiB, 46068 MiB, 0 %
2026/08/20 15:02:38.720, 2, NVIDIA L40S, 42639 MiB, 46068 MiB, 0 %
2026/08/20 15:02:39.721, 0, NVIDIA L40S, 37487 MiB, 46068 MiB, 93 %
2026/08/20 15:02:39.721, 1, NVIDIA L40S, 42639 MiB, 46068 MiB, 0 %
2026/08/20 15:02:39.721, 2, NVIDIA L40S, 42639 MiB, 46068 MiB, 0 %
2026/08/20 15:02:40.723, 0, NVIDIA L40S, 37487 MiB, 46068 MiB, 93 %
2026/08/20 15:02:40.723, 1, NVIDIA L40S, 42639 MiB, 46068 MiB, 0 %
2026/08/20 15:02:40.723, 2, NVIDIA L40S, 42639 MiB, 46068 MiB, 0 %
2026/08/20 15:02:41.723, 0, NVIDIA L40S, 37487 MiB, 46068 MiB, 89 %
2026/08/20 15:02:41.723, 1, NVIDIA L40S, 42639 MiB, 46068 MiB, 0 %
2026/08/20 15:02:41.723, 2, NVIDIA L40S, 42639 MiB, 46068 MiB, 0 %
2026/08/20 15:02:42.724, 0, NVIDIA L40S, 37487 MiB, 46068 MiB, 91 %
2026/08/20 15:02:42.724, 1, NVIDIA L40S, 42639 MiB, 46068 MiB, 0 %
2026/08/20 15:02:42.724, 2, NVIDIA L40S, 42639 MiB, 46068 MiB, 0 %
2026/08/20 15:02:43.724, 0, NVIDIA L40S, 37487 MiB, 46068 MiB, 94 %
2026/08/20 15:02:43.724, 1, NVIDIA L40S, 42639 MiB, 46068 MiB, 0 %
2026/08/20 15:02:43.725, 2, NVIDIA L40S, 42639 MiB, 46068 MiB, 0 %
2026/08/20 15:02:44.725, 0, NVIDIA L40S, 37487 MiB, 46068 MiB, 92 %
2026/08/20 15:02:44.725, 1, NVIDIA L40S, 42639 MiB, 46068 MiB, 0 %
2026/08/20 15:02:44.725, 2, NVIDIA L40S, 42639 MiB, 46068 MiB, 0 %
2026/08/20 15:02:45.725, 0, NVIDIA L40S, 37487 MiB, 46068 MiB, 90 %
2026/08/20 15:02:45.726, 1, NVIDIA L40S, 42639 MiB, 46068 MiB, 0 %
2026/08/20 15:02:45.726, 2, NVIDIA L40S, 42639 MiB, 46068 MiB, 0 %
2026/08/20 15:02:46.726, 0, NVIDIA L40S, 37487 MiB, 46068 MiB, 90 %
2026/08/20 15:02:46.726, 1, NVIDIA L40S, 42639 MiB, 46068 MiB, 0 %
2026/08/20 15:02:46.726, 2, NVIDIA L40S, 42639 MiB, 46068 MiB, 0 %
2026/08/20 15:02:47.727, 0, NVIDIA L40S, 37487 MiB, 46068 MiB, 89 %
2026/08/20 15:02:47.727, 1, NVIDIA L40S, 42639 MiB, 46068 MiB, 0 %
2026/08/20 15:02:47.727, 2, NVIDIA L40S, 42639 MiB, 46068 MiB, 0 %
2026/08/20 15:02:48.727, 0, NVIDIA L40S, 37487 MiB, 46068 MiB, 89 %
2026/08/20 15:02:48.727, 1, NVIDIA L40S, 42639 MiB, 46068 MiB, 0 %
2026/08/20 15:02:48.727, 2, NVIDIA L40S, 42639 MiB, 46068 MiB, 0 %
2026/08/20 15:02:49.728, 0, NVIDIA L40S, 37487 MiB, 46068 MiB, 89 %
2026/08/20 15:02:49.728, 1, NVIDIA L40S, 42639 MiB, 46068 MiB, 0 %
2026/08/20 15:02:49.728, 2, NVIDIA L40S, 42639 MiB, 46068 MiB, 0 %
2026/08/20 15:02:50.728, 0, NVIDIA L40S, 37487 MiB, 46068 MiB, 91 %
2026/08/20 15:02:50.729, 1, NVIDIA L40S, 42639 MiB, 46068 MiB, 0 %
2026/08/20 15:02:50.729, 2, NVIDIA L40S, 42639 MiB, 46068 MiB, 0 %
2026/08/20 15:02:51.729, 0, NVIDIA L40S, 37487 MiB, 46068 MiB, 96 %
2026/08/20 15:02:51.729, 1, NVIDIA L40S, 42639 MiB, 46068 MiB, 0 %
2026/08/20 15:02:51.729, 2, NVIDIA L40S, 42639 MiB, 46068 MiB, 0 %
2026/08/20 15:02:52.729, 0, NVIDIA L40S, 37487 MiB, 46068 MiB, 96 %
2026/08/20 15:02:52.730, 1, NVIDIA L40S, 42639 MiB, 46068 MiB, 0 %
2026/08/20 15:02:52.730, 2, NVIDIA L40S, 42639 MiB, 46068 MiB, 0 %
2026/08/20 15:02:53.730, 0, NVIDIA L40S, 37487 MiB, 46068 MiB, 95 %
2026/08/20 15:02:53.730, 1, NVIDIA L40S, 42639 MiB, 46068 MiB, 0 %
2026/08/20 15:02:53.730, 2, NVIDIA L40S, 42639 MiB, 46068 MiB, 0 %
2026/08/20 15:02:54.731, 0, NVIDIA L40S, 37487 MiB, 46068 MiB, 89 %
2026/08/20 15:02:54.731, 1, NVIDIA L40S, 42639 MiB, 46068 MiB, 0 %
2026/08/20 15:02:54.731, 2, NVIDIA L40S, 42639 MiB, 46068 MiB, 0 %
2026/08/20 15:02:55.731, 0, NVIDIA L40S, 37487 MiB, 46068 MiB, 96 %
2026/08/20 15:02:55.732, 1, NVIDIA L40S, 42639 MiB, 46068 MiB, 0 %
2026/08/20 15:02:55.732, 2, NVIDIA L40S, 42639 MiB, 46068 MiB, 0 %
2026/08/20 15:02:56.732, 0, NVIDIA L40S, 37487 MiB, 46068 MiB, 88 %
2026/08/20 15:02:56.732, 1, NVIDIA L40S, 42639 MiB, 46068 MiB, 0 %
2026/08/20 15:02:56.732, 2, NVIDIA L40S, 42639 MiB, 46068 MiB, 0 %
2026/08/20 15:02:57.732, 0, NVIDIA L40S, 37487 MiB, 46068 MiB, 92 %
2026/08/20 15:02:57.733, 1, NVIDIA L40S, 42639 MiB, 46068 MiB, 0 %
2026/08/20 15:02:57.733, 2, NVIDIA L40S, 42639 MiB, 46068 MiB, 0 %
2026/08/20 15:02:58.733, 0, NVIDIA L40S, 37487 MiB, 46068 MiB, 90 %
2026/08/20 15:02:58.733, 1, NVIDIA L40S, 42639 MiB, 46068 MiB, 0 %
2026/08/20 15:02:58.734, 2, NVIDIA L40S, 42639 MiB, 46068 MiB, 0 %
2026/08/20 15:02:59.734, 0, NVIDIA L40S, 37487 MiB, 46068 MiB, 91 %
2026/08/20 15:02:59.734, 1, NVIDIA L40S, 42639 MiB, 46068 MiB, 0 %
2026/08/20 15:02:59.734, 2, NVIDIA L40S, 42639 MiB, 46068 MiB, 0 %
2026/08/20 15:03:00.734, 0, NVIDIA L40S, 37487 MiB, 46068 MiB, 91 %
2026/08/20 15:03:00.735, 1, NVIDIA L40S, 42639 MiB, 46068 MiB, 0 %
2026/08/20 15:03:00.735, 2, NVIDIA L40S, 42639 MiB, 46068 MiB, 0 %
2026/08/20 15:03:01.735, 0, NVIDIA L40S, 37487 MiB, 46068 MiB, 90 %
2026/08/20 15:03:01.735, 1, NVIDIA L40S, 42639 MiB, 46068 MiB, 0 %
2026/08/20 15:03:01.735, 2, NVIDIA L40S, 42639 MiB, 46068 MiB, 0 %
2026/08/20 15:03:02.736, 0, NVIDIA L40S, 37487 MiB, 46068 MiB, 78 %
2026/08/20 15:03:02.736, 1, NVIDIA L40S, 42639 MiB, 46068 MiB, 0 %
2026/08/20 15:03:02.736, 2, NVIDIA L40S, 42639 MiB, 46068 MiB, 0 %
2026/08/20 15:03:03.736, 0, NVIDIA L40S, 37487 MiB, 46068 MiB, 94 %
2026/08/20 15:03:03.736, 1, NVIDIA L40S, 42639 MiB, 46068 MiB, 0 %
2026/08/20 15:03:03.736, 2, NVIDIA L40S, 42639 MiB, 46068 MiB, 0 %
2026/08/20 15:03:04.736, 0, NVIDIA L40S, 37487 MiB, 46068 MiB, 95 %
2026/08/20 15:03:04.737, 1, NVIDIA L40S, 42639 MiB, 46068 MiB, 0 %
2026/08/20 15:03:04.737, 2, NVIDIA L40S, 42639 MiB, 46068 MiB, 0 %
2026/08/20 15:03:05.737, 0, NVIDIA L40S, 37487 MiB, 46068 MiB, 93 %
2026/08/20 15:03:05.737, 1, NVIDIA L40S, 42639 MiB, 46068 MiB, 0 %
2026/08/20 15:03:05.738, 2, NVIDIA L40S, 42639 MiB, 46068 MiB, 0 %
2026/08/20 15:03:06.738, 0, NVIDIA L40S, 37487 MiB, 46068 MiB, 79 %
2026/08/20 15:03:06.738, 1, NVIDIA L40S, 42639 MiB, 46068 MiB, 0 %
2026/08/20 15:03:06.738, 2, NVIDIA L40S, 42639 MiB, 46068 MiB, 0 %
2026/08/20 15:03:07.738, 0, NVIDIA L40S, 37487 MiB, 46068 MiB, 89 %
2026/08/20 15:03:07.739, 1, NVIDIA L40S, 42639 MiB, 46068 MiB, 0 %
2026/08/20 15:03:07.739, 2, NVIDIA L40S, 42639 MiB, 46068 MiB, 0 %
2026/08/20 15:03:08.739, 0, NVIDIA L40S, 37487 MiB, 46068 MiB, 78 %
2026/08/20 15:03:08.739, 1, NVIDIA L40S, 42639 MiB, 46068 MiB, 0 %
2026/08/20 15:03:08.739, 2, NVIDIA L40S, 42639 MiB, 46068 MiB, 0 %
2026/08/20 15:03:09.740, 0, NVIDIA L40S, 37487 MiB, 46068 MiB, 91 %
2026/08/20 15:03:09.740, 1, NVIDIA L40S, 42639 MiB, 46068 MiB, 0 %
2026/08/20 15:03:09.740, 2, NVIDIA L40S, 42639 MiB, 46068 MiB, 0 %
2026/08/20 15:03:10.740, 0, NVIDIA L40S, 37487 MiB, 46068 MiB, 86 %
2026/08/20 15:03:10.740, 1, NVIDIA L40S, 42639 MiB, 46068 MiB, 0 %
2026/08/20 15:03:10.741, 2, NVIDIA L40S, 42639 MiB, 46068 MiB, 0 %
2026/08/20 15:03:11.741, 0, NVIDIA L40S, 37487 MiB, 46068 MiB, 90 %
2026/08/20 15:03:11.741, 1, NVIDIA L40S, 42639 MiB, 46068 MiB, 0 %
2026/08/20 15:03:11.741, 2, NVIDIA L40S, 42639 MiB, 46068 MiB, 0 %
2026/08/20 15:03:12.741, 0, NVIDIA L40S, 37487 MiB, 46068 MiB, 93 %
2026/08/20 15:03:12.742, 1, NVIDIA L40S, 42639 MiB, 46068 MiB, 0 %
2026/08/20 15:03:12.742, 2, NVIDIA L40S, 42639 MiB, 46068 MiB, 0 %
2026/08/20 15:03:13.742, 0, NVIDIA L40S, 37487 MiB, 46068 MiB, 94 %
2026/08/20 15:03:13.742, 1, NVIDIA L40S, 42639 MiB, 46068 MiB, 0 %
2026/08/20 15:03:13.742, 2, NVIDIA L40S, 42639 MiB, 46068 MiB, 0 %
2026/08/20 15:03:14.745, 0, NVIDIA L40S, 37487 MiB, 46068 MiB, 88 %
2026/08/20 15:03:14.745, 1, NVIDIA L40S, 42639 MiB, 46068 MiB, 0 %
2026/08/20 15:03:14.745, 2, NVIDIA L40S, 42639 MiB, 46068 MiB, 0 %
2026/08/20 15:03:15.745, 0, NVIDIA L40S, 37487 MiB, 46068 MiB, 90 %
2026/08/20 15:03:15.745, 1, NVIDIA L40S, 42639 MiB, 46068 MiB, 0 %
2026/08/20 15:03:15.745, 2, NVIDIA L40S, 42639 MiB, 46068 MiB, 0 %
2026/08/20 15:03:16.746, 0, NVIDIA L40S, 37487 MiB, 46068 MiB, 86 %
2026/08/20 15:03:16.746, 1, NVIDIA L40S, 42639 MiB, 46068 MiB, 0 %
2026/08/20 15:03:16.746, 2, NVIDIA L40S, 42639 MiB, 46068 MiB, 0 %
2026/08/20 15:03:17.747, 0, NVIDIA L40S, 37487 MiB, 46068 MiB, 97 %
2026/08/20 15:03:17.747, 1, NVIDIA L40S, 42639 MiB, 46068 MiB, 0 %
2026/08/20 15:03:17.747, 2, NVIDIA L40S, 42639 MiB, 46068 MiB, 0 %
2026/08/20 15:03:18.747, 0, NVIDIA L40S, 37487 MiB, 46068 MiB, 83 %
2026/08/20 15:03:18.747, 1, NVIDIA L40S, 42639 MiB, 46068 MiB, 0 %
2026/08/20 15:03:18.747, 2, NVIDIA L40S, 42639 MiB, 46068 MiB, 0 %
2026/08/20 15:03:19.748, 0, NVIDIA L40S, 37487 MiB, 46068 MiB, 97 %
2026/08/20 15:03:19.748, 1, NVIDIA L40S, 42639 MiB, 46068 MiB, 0 %
2026/08/20 15:03:19.748, 2, NVIDIA L40S, 42639 MiB, 46068 MiB, 0 %
2026/08/20 15:03:20.748, 0, NVIDIA L40S, 37487 MiB, 46068 MiB, 96 %
2026/08/20 15:03:20.749, 1, NVIDIA L40S, 42639 MiB, 46068 MiB, 0 %
2026/08/20 15:03:20.749, 2, NVIDIA L40S, 42639 MiB, 46068 MiB, 0 %
2026/08/20 15:03:21.749, 0, NVIDIA L40S, 37487 MiB, 46068 MiB, 91 %
2026/08/20 15:03:21.749, 1, NVIDIA L40S, 42639 MiB, 46068 MiB, 0 %
2026/08/20 15:03:21.750, 2, NVIDIA L40S, 42639 MiB, 46068 MiB, 0 %
2026/08/20 15:03:22.750, 0, NVIDIA L40S, 37487 MiB, 46068 MiB, 91 %
2026/08/20 15:03:22.750, 1, NVIDIA L40S, 42639 MiB, 46068 MiB, 0 %
2026/08/20 15:03:22.751, 2, NVIDIA L40S, 42639 MiB, 46068 MiB, 0 %
2026/08/20 15:03:23.751, 0, NVIDIA L40S, 37487 MiB, 46068 MiB, 95 %
2026/08/20 15:03:23.751, 1, NVIDIA L40S, 42639 MiB, 46068 MiB, 0 %
2026/08/20 15:03:23.751, 2, NVIDIA L40S, 42639 MiB, 46068 MiB, 0 %
2026/08/20 15:03:24.752, 0, NVIDIA L40S, 37487 MiB, 46068 MiB, 92 %
2026/08/20 15:03:24.752, 1, NVIDIA L40S, 42639 MiB, 46068 MiB, 0 %
2026/08/20 15:03:24.752, 2, NVIDIA L40S, 42639 MiB, 46068 MiB, 0 %
2026/08/20 15:03:25.752, 0, NVIDIA L40S, 37487 MiB, 46068 MiB, 91 %
2026/08/20 15:03:25.752, 1, NVIDIA L40S, 42639 MiB, 46068 MiB, 0 %
2026/08/20 15:03:25.752, 2, NVIDIA L40S, 42639 MiB, 46068 MiB, 0 %
2026/08/20 15:03:26.753, 0, NVIDIA L40S, 37487 MiB, 46068 MiB, 0 %
2026/08/20 15:03:26.753, 1, NVIDIA L40S, 42639 MiB, 46068 MiB, 0 %
2026/08/20 15:03:26.753, 2, NVIDIA L40S, 42639 MiB, 46068 MiB, 0 %
2026/08/20 15:03:27.753, 0, NVIDIA L40S, 34755 MiB, 46068 MiB, 0 %
2026/08/20 15:03:27.754, 1, NVIDIA L40S, 42639 MiB, 46068 MiB, 0 %
2026/08/20 15:03:27.754, 2, NVIDIA L40S, 42639 MiB, 46068 MiB, 0 %
2026/08/20 15:03:28.754, 0, NVIDIA L40S, 34755 MiB, 46068 MiB, 0 %
2026/08/20 15:03:28.755, 1, NVIDIA L40S, 42639 MiB, 46068 MiB, 0 %
2026/08/20 15:03:28.755, 2, NVIDIA L40S, 42639 MiB, 46068 MiB, 0 %
2026/08/20 15:03:29.755, 0, NVIDIA L40S, 34755 MiB, 46068 MiB, 0 %
2026/08/20 15:03:29.756, 1, NVIDIA L40S, 42639 MiB, 46068 MiB, 0 %
2026/08/20 15:03:29.756, 2, NVIDIA L40S, 42639 MiB, 46068 MiB, 0 %
2026/08/20 15:03:30.756, 0, NVIDIA L40S, 34755 MiB, 46068 MiB, 0 %
2026/08/20 15:03:30.757, 1, NVIDIA L40S, 42639 MiB, 46068 MiB, 0 %
2026/08/20 15:03:30.757, 2, NVIDIA L40S, 42639 MiB, 46068 MiB, 0 %
2026/08/20 15:03:31.757, 0, NVIDIA L40S, 34755 MiB, 46068 MiB, 0 %
2026/08/20 15:03:31.757, 1, NVIDIA L40S, 42639 MiB, 46068 MiB, 0 %
2026/08/20 15:03:31.757, 2, NVIDIA L40S, 42639 MiB, 46068 MiB, 0 %
2026/08/20 15:03:32.758, 0, NVIDIA L40S, 0 MiB, 46068 MiB, 100 %
2026/08/20 15:03:32.758, 1, NVIDIA L40S, 42639 MiB, 46068 MiB, 0 %
2026/08/20 15:03:32.758, 2, NVIDIA L40S, 42639 MiB, 46068 MiB, 0 %
2026/08/20 15:03:33.759, 0, NVIDIA L40S, 0 MiB, 46068 MiB, 0 %
2026/08/20 15:03:33.759, 1, NVIDIA L40S, 42639 MiB, 46068 MiB, 0 %
2026/08/20 15:03:33.759, 2, NVIDIA L40S, 42639 MiB, 46068 MiB, 0 %
2026/08/20 15:03:34.759, 0, NVIDIA L40S, 0 MiB, 46068 MiB, 0 %
2026/08/20 15:03:34.760, 1, NVIDIA L40S, 42639 MiB, 46068 MiB, 0 %
2026/08/20 15:03:34.760, 2, NVIDIA L40S, 42639 MiB, 46068 MiB, 0 %
2026/08/20 15:03:35.760, 0, NVIDIA L40S, 0 MiB, 46068 MiB, 0 %
2026/08/20 15:03:35.760, 1, NVIDIA L40S, 42639 MiB, 46068 MiB, 0 %
2026/08/20 15:03:35.760, 2, NVIDIA L40S, 42639 MiB, 46068 MiB, 0 %
